Label,Alpha,Beta,Delta,Cr,Cl,Window Size,Frame Shift
Normal,0.4451655553992506,0.34748177263675967,-0.07581873671530928,0.15,0.1,400,200
Normal,0.30149614829297083,0.41938594052339434,0.13533505556192113,0.15,0.1,400,200
Phonotrauma,0.43834196968011935,0.3514596499613435,-0.11413128942929486,0.15,0.1,400,200
Neoplasm,0.6749670150088373,0.23167851882636387,-0.001028393374359417,0.15,0.1,400,200
Phonotrauma,1.6191425906458472,-0.24530429800479406,-0.1175384137281883,0.15,0.1,400,200
Phonotrauma,0.6881298066319971,0.2259300938410783,-0.01839712974678165,0.15,0.1,400,200
Phonotrauma,0.44933980869989126,0.34539000069782744,-0.0010815314221846633,0.15,0.1,400,200
Neoplasm,0.244154162413878,0.45270486472607346,-0.1726632515364819,0.15,0.1,400,200
